{"stats":{"minecraft:custom":{"minecraft:time_since_rest":7656,"minecraft:crouch_one_cm":2364,"minecraft:play_time":7656,"minecraft:sprint_one_cm":4712,"minecraft:walk_one_cm":5022,"minecraft:sneak_time":692,"minecraft:jump":83,"minecraft:damage_dealt":30,"minecraft:leave_game":1,"minecraft:time_since_death":7656,"minecraft:total_world_time":7656,"minecraft:interact_with_crafting_table":3,"minecraft:fall_one_cm":1672,"minecraft:fly_one_cm":18400},"minecraft:picked_up":{"minecraft:birch_log":10,"minecraft:crafting_table":1,"minecraft:coal":16,"minecraft:dirt":5,"minecraft:cobblestone":15},"minecraft:used":{"minecraft:stone_axe":2,"minecraft:dirt":5,"minecraft:crafting_table":1,"minecraft:stone_pickaxe":29,"minecraft:wooden_pickaxe":8},"minecraft:mined":{"minecraft:grass":4,"minecraft:grass_block":1,"minecraft:coal_ore":16,"minecraft:dirt":4,"minecraft:birch_log":10,"minecraft:stone":15,"minecraft:birch_leaves":2,"minecraft:crafting_table":1},"minecraft:crafted":{"minecraft:furnace":1,"minecraft:birch_planks":40,"minecraft:stone_axe":1,"minecraft:crafting_table":1,"minecraft:stick":8,"minecraft:stone_pickaxe":1,"minecraft:wooden_pickaxe":1}},"DataVersion":2975}